{
  "model": "complex",
  "device": "auto",
  "max_train": null,
  "max_valid": null,
  "max_test": null,
  "overfit_small": false,
  "val_link_prediction_tail": {
    "MRR": 0.01842381280260522,
    "MR": 3479.3020655026817,
    "Hits@1": 0.008102248088554148,
    "Hits@3": 0.01700330936893758,
    "Hits@10": 0.0354901289512724
  },
  "val_link_prediction_head": {
    "MRR": 0.008653766620390373,
    "MR": 3452.545760584275,
    "Hits@1": 0.0025676138308798357,
    "Hits@3": 0.006105215108980943,
    "Hits@10": 0.01626155426223896
  },
  "test_link_prediction_tail": {
    "MRR": 0.018286710915812597,
    "MR": 3513.4014580683042,
    "Hits@1": 0.007534983853606028,
    "Hits@3": 0.017271748703395637,
    "Hits@10": 0.03640277913690185
  },
  "test_link_prediction_head": {
    "MRR": 0.009339689630271647,
    "MR": 3482.740140913984,
    "Hits@1": 0.0024953517956747234,
    "Hits@3": 0.007437126920442313,
    "Hits@10": 0.01771210490263235
  },
  "elapsed_seconds": 57677.52
}
