{
  "model": "rotatee",
  "device": "auto",
  "max_train": null,
  "max_valid": null,
  "max_test": null,
  "overfit_small": false,
  "val_link_prediction_tail": {
    "MRR": 0.34278644553568777,
    "MR": 232.52253794362662,
    "Hits@1": 0.2509414584046559,
    "Hits@3": 0.3776674654798585,
    "Hits@10": 0.5306972498002968
  },
  "val_link_prediction_head": {
    "MRR": 0.1791201102207628,
    "MR": 344.13722469473925,
    "Hits@1": 0.10310395983110807,
    "Hits@3": 0.19405454752938492,
    "Hits@10": 0.3317927650348054
  },
  "test_link_prediction_tail": {
    "MRR": 0.3405852166561239,
    "MR": 235.7834426069087,
    "Hits@1": 0.24752911243761622,
    "Hits@3": 0.376895978080047,
    "Hits@10": 0.5294549368822781
  },
  "test_link_prediction_head": {
    "MRR": 0.18077075011568192,
    "MR": 341.13685292102946,
    "Hits@1": 0.10622370094921225,
    "Hits@3": 0.19483315392895587,
    "Hits@10": 0.3310010764262648
  },
  "elapsed_seconds": 37511.74
}