{
  "model": "complex",
  "device": "auto",
  "max_train": 1000,
  "max_valid": 500,
  "max_test": 500,
  "overfit_small": false,
  "val_link_prediction_tail": {
    "MRR": 0.00364007809839473,
    "MR": 777.2571428571429,
    "Hits@1": 0.0,
    "Hits@3": 0.0,
    "Hits@10": 0.0
  },
  "val_link_prediction_head": {
    "MRR": 0.002636135603446256,
    "MR": 766.6571428571428,
    "Hits@1": 0.0,
    "Hits@3": 0.0,
    "Hits@10": 0.0
  },
  "test_link_prediction_tail": {
    "MRR": 0.004723004730407686,
    "MR": 752.875,
    "Hits@1": 0.0,
    "Hits@3": 0.0,
    "Hits@10": 0.0
  },
  "test_link_prediction_head": {
    "MRR": 0.002590312406902399,
    "MR": 778.40625,
    "Hits@1": 0.0,
    "Hits@3": 0.0,
    "Hits@10": 0.0
  },
  "elapsed_seconds": 19.05
}