{
  "model": "limix",
  "device": "auto",
  "max_train": 1000,
  "max_valid": 500,
  "max_test": 500,
  "overfit_small": false,
  "val_link_prediction": {
    "MRR": 0.1188043396659057,
    "MR": 487.9142857142857,
    "Hits@1": 0.08571428571428572,
    "Hits@3": 0.11428571428571428,
    "Hits@10": 0.17142857142857143
  },
  "test_link_prediction": {
    "MRR": 0.17459317354460674,
    "MR": 413.15625,
    "Hits@1": 0.125,
    "Hits@3": 0.21875,
    "Hits@10": 0.28125
  },
  "elapsed_seconds": 919.64
}