{
  "model": "tabdpt",
  "device": "auto",
  "max_train": 1000,
  "max_valid": 500,
  "max_test": 500,
  "overfit_small": false,
  "val_link_prediction": {
    "MRR": 0.08017831204499236,
    "MR": 463.22857142857146,
    "Hits@1": 0.05714285714285714,
    "Hits@3": 0.08571428571428572,
    "Hits@10": 0.08571428571428572
  },
  "test_link_prediction": {
    "MRR": 0.14626288821387057,
    "MR": 456.09375,
    "Hits@1": 0.125,
    "Hits@3": 0.15625,
    "Hits@10": 0.15625
  },
  "elapsed_seconds": 51956.35
}