{
  "model": "complex",
  "device": "auto",
  "max_train": null,
  "max_valid": null,
  "max_test": null,
  "overfit_small": false,
  "val_link_prediction_tail": {
    "MRR": 0.017589725269654372,
    "MR": 3538.8874814561223,
    "Hits@1": 0.007132260641332877,
    "Hits@3": 0.01609038000684697,
    "Hits@10": 0.03600365171744836
  },
  "val_link_prediction_head": {
    "MRR": 0.00892952163375734,
    "MR": 3506.4626269542396,
    "Hits@1": 0.0024534976606185098,
    "Hits@3": 0.006105215108980943,
    "Hits@10": 0.017345657879721556
  },
  "test_link_prediction_tail": {
    "MRR": 0.016322239378468877,
    "MR": 3517.931402289852,
    "Hits@1": 0.006262843722477738,
    "Hits@3": 0.014140326842156766,
    "Hits@10": 0.0340542127409727
  },
  "test_link_prediction_head": {
    "MRR": 0.008564153952000554,
    "MR": 3485.866963499364,
    "Hits@1": 0.0024464233290928663,
    "Hits@3": 0.005088560524513162,
    "Hits@10": 0.01683139250415892
  },
  "elapsed_seconds": 79051.69
}