{
  "model": "saint",
  "device": "auto",
  "max_train": 1000,
  "max_valid": 500,
  "max_test": 500,
  "overfit_small": false,
  "val_link_prediction": {
    "MRR": 0.06602644605402107,
    "MR": 525.2,
    "Hits@1": 0.05714285714285714,
    "Hits@3": 0.05714285714285714,
    "Hits@10": 0.05714285714285714
  },
  "test_link_prediction": {
    "MRR": 0.08988115031820257,
    "MR": 523.03125,
    "Hits@1": 0.0625,
    "Hits@3": 0.09375,
    "Hits@10": 0.15625
  },
  "elapsed_seconds": 33.28
}